Lamball,https://palworld.fandom.com/wiki/Lamball
Cattiva,https://palworld.fandom.com/wiki/Cattiva
Chikipi,https://palworld.fandom.com/wiki/Chikipi
Lifmunk,https://palworld.fandom.com/wiki/Lifmunk
Foxparks,https://palworld.fandom.com/wiki/Foxparks
Fuack,https://palworld.fandom.com/wiki/Fuack
Sparkit,https://palworld.fandom.com/wiki/Sparkit
Tanzee,https://palworld.fandom.com/wiki/Tanzee
Rooby,https://palworld.fandom.com/wiki/Rooby
Pengullet,https://palworld.fandom.com/wiki/Pengullet
Penking,https://palworld.fandom.com/wiki/Penking
Jolthog,https://palworld.fandom.com/wiki/Jolthog
Jolthog Cryst,https://palworld.fandom.com/wiki/Jolthog_Cryst
Gumoss,https://palworld.fandom.com/wiki/Gumoss
Gumoss (Special),https://palworld.fandom.com/wiki/Gumoss
Vixy,https://palworld.fandom.com/wiki/Vixy
Hoocrates,https://palworld.fandom.com/wiki/Hoocrates
Teafant,https://palworld.fandom.com/wiki/Teafant
Depresso,https://palworld.fandom.com/wiki/Depresso
Cremis,https://palworld.fandom.com/wiki/Cremis
Daedream,https://palworld.fandom.com/wiki/Daedream
Rushoar,https://palworld.fandom.com/wiki/Rushoar
Nox,https://palworld.fandom.com/wiki/Nox
Fuddler,https://palworld.fandom.com/wiki/Fuddler
Killamari,https://palworld.fandom.com/wiki/Killamari
Mau,https://palworld.fandom.com/wiki/Mau
Mau Cryst,https://palworld.fandom.com/wiki/Mau_Cryst
Celaray,https://palworld.fandom.com/wiki/Celaray
Direhowl,https://palworld.fandom.com/wiki/Direhowl
Tocotoco,https://palworld.fandom.com/wiki/Tocotoco
Flopie,https://palworld.fandom.com/wiki/Flopie
Mozzarina,https://palworld.fandom.com/wiki/Mozzarina
Bristla,https://palworld.fandom.com/wiki/Bristla
Gobfin,https://palworld.fandom.com/wiki/Gobfin
Gobfin Ignis,https://palworld.fandom.com/wiki/Gobfin_Ignis
Hangyu,https://palworld.fandom.com/wiki/Hangyu
Hangyu Cryst,https://palworld.fandom.com/wiki/Hangyu_Cryst
Mossanda,https://palworld.fandom.com/wiki/Mossanda
Mossanda Lux,https://palworld.fandom.com/wiki/Mossanda_Lux
Woolipop,https://palworld.fandom.com/wiki/Woolipop
Caprity,https://palworld.fandom.com/wiki/Caprity
Melpaca,https://palworld.fandom.com/wiki/Melpaca
Eikthyrdeer,https://palworld.fandom.com/wiki/Eikthyrdeer
Eikthyrdeer Terra,https://palworld.fandom.com/wiki/Eikthyrdeer_Terra
Nitewing,https://palworld.fandom.com/wiki/Nitewing
Ribunny,https://palworld.fandom.com/wiki/Ribbuny
Incineram,https://palworld.fandom.com/wiki/Incineram
Incineram Noct,https://palworld.fandom.com/wiki/Incineram_Noct
Cinnamoth,https://palworld.fandom.com/wiki/Cinnamoth
Arsox,https://palworld.fandom.com/wiki/Arsox
Dumud,https://palworld.fandom.com/wiki/Dumud
Cawgnito,https://palworld.fandom.com/wiki/Cawgnito
Leezpunk,https://palworld.fandom.com/wiki/Leezpunk
Leezpunk Ignis,https://palworld.fandom.com/wiki/Leezpunk_Ignis
Loupmoon,https://palworld.fandom.com/wiki/Loupmoon
Galeclaw,https://palworld.fandom.com/wiki/Galeclaw
Robinquill,https://palworld.fandom.com/wiki/Robinquill
Robinquill Terra,https://palworld.fandom.com/wiki/Robinquill_Terra
Gorirat,https://palworld.fandom.com/wiki/Gorirat
Beegarde,https://palworld.fandom.com/wiki/Beegarde
Elizabee,https://palworld.fandom.com/wiki/Elizabee
Grintale,https://palworld.fandom.com/wiki/Grintale
Swee,https://palworld.fandom.com/wiki/Swee
Sweepa,https://palworld.fandom.com/wiki/Sweepa
Chillet,https://palworld.fandom.com/wiki/Chillet
Univolt,https://palworld.fandom.com/wiki/Univolt
Foxcicle,https://palworld.fandom.com/wiki/Foxcicle
Pyrin,https://palworld.fandom.com/wiki/Pyrin
Pyrin Noct,https://palworld.fandom.com/wiki/Pyrin_Noct
Reindrix,https://palworld.fandom.com/wiki/Reindrix
Rayhound,https://palworld.fandom.com/wiki/Rayhound
Kitsun,https://palworld.fandom.com/wiki/Kitsun
Dazzi,https://palworld.fandom.com/wiki/Dazzi
Lunaris,https://palworld.fandom.com/wiki/Lunaris
Dinossom,https://palworld.fandom.com/wiki/Dinossom
Dinossom Lux,https://palworld.fandom.com/wiki/Dinossom_Lux
Surfent,https://palworld.fandom.com/wiki/Surfent
Surfent Terra,https://palworld.fandom.com/wiki/Surfent_Terra
Maraith,https://palworld.fandom.com/wiki/Maraith
Digtoise,https://palworld.fandom.com/wiki/Digtoise
Tombat,https://palworld.fandom.com/wiki/Tombat
Lovander,https://palworld.fandom.com/wiki/Lovander
Flambelle,https://palworld.fandom.com/wiki/Flambelle
Vanwyrm,https://palworld.fandom.com/wiki/Vanwyrm
Vanwyrm Cryst,https://palworld.fandom.com/wiki/Vanwyrm_Cryst
Bushi,https://palworld.fandom.com/wiki/Bushi
Beakon,https://palworld.fandom.com/wiki/Beakon
Ragnahawk,https://palworld.fandom.com/wiki/Ragnahawk
Katress,https://palworld.fandom.com/wiki/Katress
Wixen,https://palworld.fandom.com/wiki/Wixen
Verdash,https://palworld.fandom.com/wiki/Verdash
Vaelet,https://palworld.fandom.com/wiki/Vaelet
Sibelyx,https://palworld.fandom.com/wiki/Sibelyx
Elphidran,https://palworld.fandom.com/wiki/Elphidran
Elphidran Aqua,https://palworld.fandom.com/wiki/Elphidran_Aqua
Kelpsea,https://palworld.fandom.com/wiki/Kelpsea
Kelpsea Ignis,https://palworld.fandom.com/wiki/Kelpsea_Ignis
Azurobe,https://palworld.fandom.com/wiki/Azurobe
Cryolinx,https://palworld.fandom.com/wiki/Cryolinx
Blazehowl,https://palworld.fandom.com/wiki/Blazehowl
Blazehowl Noct,https://palworld.fandom.com/wiki/Blazehowl_Noct
Relaxaurus,https://palworld.fandom.com/wiki/Relaxaurus
Relaxaurus Lux,https://palworld.fandom.com/wiki/Relaxaurus_Lux
Broncherry,https://palworld.fandom.com/wiki/Broncherry
Broncherry Aqua,https://palworld.fandom.com/wiki/Broncherry_Aqua
Petallia,https://palworld.fandom.com/wiki/Petallia
Reptyro,https://palworld.fandom.com/wiki/Reptyro
Ice Reptyro,https://palworld.fandom.com/wiki/Ice_Reptyro
Kingpaca,https://palworld.fandom.com/wiki/Kingpaca
Ice Kingpaca,https://palworld.fandom.com/wiki/Ice_Kingpaca
Mammorest,https://palworld.fandom.com/wiki/Mammorest
Mammorest Cryst,https://palworld.fandom.com/wiki/Mammorest_Cryst
Wumpo,https://palworld.fandom.com/wiki/Wumpo
Wumpo Botan,https://palworld.fandom.com/wiki/Wumpo_Botan
Warsect,https://palworld.fandom.com/wiki/Warsect
Fenglope,https://palworld.fandom.com/wiki/Fenglope
Felbat,https://palworld.fandom.com/wiki/Felbat
Quivern,https://palworld.fandom.com/wiki/Quivern
Blazamut,https://palworld.fandom.com/wiki/Blazamut
Helzephyr,https://palworld.fandom.com/wiki/Helzephyr
Astegon,https://palworld.fandom.com/wiki/Astegon
Menasting,https://palworld.fandom.com/wiki/Menasting
Anubis,https://palworld.fandom.com/wiki/Anubis
Jormuntide,https://palworld.fandom.com/wiki/Jormuntide
Jormuntide Ignis,https://palworld.fandom.com/wiki/Jormuntide_Ignis
Suzaku,https://palworld.fandom.com/wiki/Suzaku
Suzaku Aqua,https://palworld.fandom.com/wiki/Suzaku_Aqua
Grizzbolt,https://palworld.fandom.com/wiki/Grizzbolt
Lyleen,https://palworld.fandom.com/wiki/Lyleen
Lyleen Noct,https://palworld.fandom.com/wiki/Lyleen_Noct
Faleris,https://palworld.fandom.com/wiki/Faleris
Orserk,https://palworld.fandom.com/wiki/Orserk
Shadowbeak,https://palworld.fandom.com/wiki/Shadowbeak
Paladius,https://palworld.fandom.com/wiki/Paladius
Necromus,https://palworld.fandom.com/wiki/Necromus
Frostallion,https://palworld.fandom.com/wiki/Frostallion
Frostallion Noct,https://palworld.fandom.com/wiki/Frostallion_Noct
Jetragon,https://palworld.fandom.com/wiki/Jetragon
